companyName,company_starRating,company_offeredRole,company_roleLocation,listing_jobDesc,requested_url
Jacobs,3.9,Flooding Engineer,Mandaluyong City,"Our People & Places Solutions business – reinforces our drive to improve the lives of people everywhere and epitomizes the ""why"" of what we do – the tremendous positive impact and value our solutions bring to our communities and society as a whole. From facilities delivering life-saving therapies and ensuring clean water to enabling the connection of people through all modes of transportation and providing access to technology – we're integrating a multitude of these solution elements to build the smart environments of tomorrow.

Start your Jacobs career with a company that inspires and empowers you to deliver your best work so you can evolve, grow and succeed – today and into tomorrow.

Your Impact:
As one of the world’s most value resources, our team is solving some of the world’s most complex water issues. Whether it’s treating, distributing or storing water, Jacobs reaches across boundaries and collaborates to successfully deliver customized innovative solutions. We provide you the means and tools to work on a wide variety of interesting and challenging projects to grow your career and help protect this valuable resource.
We are looking for a highly qualified and broadly experienced professionals to build on our existing strong capability in the Water Sector market in the Philippines and across Asia. Jacobs People & Places Solutions Water Sector business continues to rapidly grow to meet the needs of our clients who are investing in new solutions and associated infrastructure across the Philippine and Asia region, and we are looking for strong water focused professionals to take us to the next level of sustained business growth, outstanding culture for our people, and quality delivery for our clients. These positions are based the Philippines.
At Jacobs, our Water Sector team is geared towards providing a more integrated approach offering end-to-end service to support our clients in all aspects of the water business. We are helping our clients meeting the challenges faced in countries and cities across the globe, providing innovative solutions for water resources and ecosystems management, wastewater, drinking water and reuse and conveyance & storage to developing demand-side management strategies.
As part of this growing demand, we seek water professionals to deliver innovative solutions to our clients. As part of an interconnected team, you will be focused on delivering services in the water sector as a consultant for key project development and execution phases, including feasibility studies, conceptual design, project development services, technical due diligence, project management consultancy and project execution phases, as well as involvement in winning and delivering new projects across the Philippine and Asia region.
Key elements of these roles include. Projects – Preparation and delivery of consulting, engineering design and associated works, to high standards of quality, on time and on budget. Prospects and Proposals – Support the sales team and Water Section Leader in the pursuit of prospects with target clients, collaborating in the preparation of proposals for individual opportunities. People – Work efficiently in a multidisciplinary environment, maintaining and developing, as appropriate, positive relationships with clients and colleagues.
Here’s What You’ll Need:
Preferably Degree in Civil Engineering, preferably with some additional training in project management techniques; Relevant experience in the design and construction of water resources / water infrastructure projects. Previous experience on reservoir, dam and/or coastal projects is desired.
What you need. Relevant design experience in the water sector. Consultancy experience in delivering complex engineering projects in the Philippines and / or Asia and demonstrated ability to operate in a multi-disciplinary team. Core knowledge of development cycle for projects and opportunities in the water sector. Actively promote and demonstrate a strong safety culture in project design and working environment.
Cross sector knowledge outside the water sector and an ability to leverage past experiences to provide client confidence in delivery. Liaison with internal and external clients, authorities, and other design consultants. Contribute to client management for selected key clients as requested in co-ordination with the appropriate sales team and Water Section Leader. Team player with good inter-personal skills, attentive to detail, organised and structured and with initiative and enthusiasm. A strong work ethic and “can do” responsive attitude are paramount as is a strong ethic and ability “to get the job done” properly, professionally, cost effectively and to, crucially, meet deadlines.
Jacobs. A world where you can.
From our inclusive employee networks to our positive mental health champions – we’re committed to driving a culture of caring where you can be you. Joining Jacobs not only connects you locally but globally - and together, our diverse perspectives and unique backgrounds power our collective strength. We collaborate and share! By supporting one another, we all succeed.
With safety and flexibility always top of mind, we’ve gone beyond traditional ways of working so you have the support, means and space to maximise your potential. You’ll uncover flexible working arrangements, benefits and opportunities to do good too – from participating in our global giving and volunteering program, to exploring new and inventive ways to help our clients make the world a better place. No matter what drives you, you’ll discover how you can cultivate, nurture and achieve your goals – all at a single global company.
Start your Jacobs career with a company that inspires and empowers you to deliver your best work so you can evolve, grow and succeed – today and into tomorrow.
Please note: If you are being represented by a recruitment agency you will not be considered, to be considered you will need to apply directly to Jacobs.
#WATERPH #ASIAID #PHREC #ASIAWaterResources #ASIAWaterEngineering #ASIAWaterShow more ",https://www.glassdoor.com/partner/jobListing.htm?pos=112&ao=1136043&s=58&guid=000001814d60716ead2d6d5eb9d6e350&src=GD_JOB_AD&t=SR&vt=w&cs=1_c6edfed8&cb=1654860575409&jobListingId=1007897541477&jrtk=3-0-1g56m0scmq69j801-1g56m0sd3j47k800-935350f5cb4b5df4-
FIRST GEN POWER CORP,NA,Registered Electrical Engineer,Santo Tomas,"Design, develop, test, and supervise the manufacture of electrical equipment, such as electric motors, radar and navigation systems, communications systems, or power generation equipment. Evaluates electrical systems, products, components, and applications by designing and conducting research programs; applying knowledge of electricity and materials. Confirms system’s and components’ capabilities by designing testing methods; testing properties. Assures product quality by designing electrical testing methods; testing finished products and system capabilities. Provides engineering information by answering questions and requests. Analyzing and interpreting data on the electrical aspect Contributes to team effort by accomplishing related results as needed Company Christmas gift Health insurance Life insurance On-site parking Opportunities for promotion Paid training Promotion to permanent employee 8 hour shift 13th month salary Santo Tomas, Batangas: Reliably commute or planning to relocate before starting work (Required) Electrical Engineering: 1 year (Preferred)",https://www.glassdoor.com/partner/jobListing.htm?pos=130&ao=1136043&s=58&guid=000001814d60716ead2d6d5eb9d6e350&src=GD_JOB_AD&t=SR&vt=w&ea=1&cs=1_d99a8a08&cb=1654860575413&jobListingId=1007920618209&jrtk=3-0-1g56m0scmq69j801-1g56m0sd3j47k800-aa03fbad05c287ad-
Manly Plastics,4.1,Cadet Engineer,Valenzuela,"
Candidate must be a graduate of BS Industrial Engineering, BS Electrical Engineering, BS Electronics and Communication Engineering, and BS Mechanical Engineering. 
With or without work experience. 
With high sense of responsibility. 
Can work with minimum supervision. 
Willing to have shifting schedule.",https://www.glassdoor.com/partner/jobListing.htm?pos=111&ao=1136043&s=58&guid=000001814d60716ead2d6d5eb9d6e350&src=GD_JOB_AD&t=SR&vt=w&cs=1_b34ad993&cb=1654860575409&jobListingId=1006607946947&jrtk=3-0-1g56m0scmq69j801-1g56m0sd3j47k800-d4d46020071d3390-
AL AMAL SPECIALIST RECRUITMENT,NA,Assistant Chief Engineer,Tagaytay,How many years is your experience as Assistant Chief Engineer in a 5-star hotel? How many years is your experience as Assistant Chief Engineer in Facilities Management Company?+,https://www.glassdoor.com/partner/jobListing.htm?pos=117&ao=1136043&s=58&guid=000001814d60716ead2d6d5eb9d6e350&src=GD_JOB_AD&t=SR&vt=w&ea=1&cs=1_028b59f2&cb=1654860575411&jobListingId=1007845682796&jrtk=3-0-1g56m0scmq69j801-1g56m0sd3j47k800-e023cd6f80dd6895-
Corporate Executive Search Inc.,2.5,Technical Assistant (Engineer),Taguig,"The Technical Assistant is responsible for providing technical information in order to address the specific needs and requirements of the COO through analyzing information, offering broad range of ideas and diverse perspectives, using a variety of approaches, techniques, strategies, and resources, and thinking innovatively to find solutions to challenges and provide well-documented assessments and reports. Ensures that the COO's directives, required information, and updates on programs/initiatives are communicated accurately and in a timely manner with the COO's direct reports and other executives, while maintaining confidentiality in sharing information. Responsible for documentation of Operations and Maintenance standards and processes, business process mapping, Quality Management System compliance. Must be a degree holder in Engineering preferably in Civil or Electrical. With 2 to 4 years of related experience. Preferably with Renewable Energy background but not required. Analytical, critical thinking, and solutions- focused, problem-solving abilities Ability to analyze and improve processes, protocols, and procedures Ability to work under pressure while maintaining focus Excellent oral and written communication skills Interpersonal and people-handling skills Ability to build relationships and liaise with diverse team members and partners Day shift Monday to Friday Bachelor's (Required)",https://www.glassdoor.com/partner/jobListing.htm?pos=107&ao=1136043&s=58&guid=000001814d60716ead2d6d5eb9d6e350&src=GD_JOB_AD&t=SR&vt=w&ea=1&cs=1_a1b0dd7c&cb=1654860575408&jobListingId=1007707769962&jrtk=3-0-1g56m0scmq69j801-1g56m0sd3j47k800-526f1b1b7a081afe-
Starcross Construction Inc.,NA,MEPFS Engineer,Muntinlupa,"Monitor and evaluate the quality of all MEPFS works Monitor and evaluate site installation based on contract, specifications and standards Consolidate and coordinate all issues and problems related to MEPFS Evaluate MEPFS drawings and assist in the site implementation Evaluate and monitor MEPFS subcontractor accomplishments and billings Monitor schedules and work plans of MEPFS subcontractors Estimate, prepare and assign resources such as manpower, materials, consumables and equipment required for all MEPFS works prior to execution Plan and analyze all possible construction methodologies and recommends the best options to immediate superior for approval prior to execution Assist in project close-out Perform all other duties as may be assigned by immediate superior or supervisor from time to time Must be a Licensed Mechanical/Electrical Engineer At least 3 years working experience in the same capacity Knowledge in Electrical, Mechanical and Plumbing/Sanitary Works Knowledge in construction methodologies and procedures is a must Knowledge in Electrical, Mechanical and Plumbing/Sanitary quantity surveying Knowledge in AutoCAD and MS Office applications Health insurance Day shift Muntinlupa City: Reliably commute or planning to relocate before starting work (Required) MEPFS Engineer: 3 years (Required) Electrical/ Mechanical Engineer license (Required)",https://www.glassdoor.com/partner/jobListing.htm?pos=127&ao=1136043&s=58&guid=000001814d60716ead2d6d5eb9d6e350&src=GD_JOB_AD&t=SR&vt=w&ea=1&cs=1_4b32d110&cb=1654860575412&jobListingId=1007931058843&jrtk=3-0-1g56m0scmq69j801-1g56m0sd3j47k800-cf90a20cc89cf346-
Megawide Construction Corporation,3.8,Field Engineer,Parañaque,"At least 2 years experience in the same capacity exposed in Vertical Construction. Assist in the project superintendent in construction slab, beam/ girders, stairs, precast, columns, shear and core wall. Interprets and executes plans and specifications & controls the over- all inter-phasing of structural works. Coordinates and assists the subcontractors for the proper execution of wor assignment. With excellent organizational and project management skills. Health insurance Life insurance Paid training 8 hour shift Holidays 13th month salary Overtime pay Performance bonus Parañaque City: Reliably commute or planning to relocate before starting work (Preferred)",https://www.glassdoor.com/partner/jobListing.htm?pos=108&ao=1136043&s=58&guid=000001814d60716ead2d6d5eb9d6e350&src=GD_JOB_AD&t=SR&vt=w&ea=1&cs=1_e31d279d&cb=1654860575408&jobListingId=1007911658470&jrtk=3-0-1g56m0scmq69j801-1g56m0sd3j47k800-53913897e3ab474e-
"EZ ROCKS COMPANY, INC.",NA,Plant Engineer,Cabuyao,"Evaluate manufacturing processes and workflows to identify opportunities for improvement Apply a working knowledge of product design and assembly to the manufacturing process Create processes and procedures to help the company meet budgetary and performance goals Alongside the creative team, design and develop new products and product mock-ups Participate in cross-departmental meetings to ensure collaboration Establish effective and efficient work sequences Solve existing manufacturing problems Develop standardized design criteria for all products 8 hour shift 13th month salary Cabuyao City, Laguna: Reliably commute or planning to relocate before starting work (Required)",https://www.glassdoor.com/partner/jobListing.htm?pos=110&ao=1136043&s=58&guid=000001814d60716ead2d6d5eb9d6e350&src=GD_JOB_AD&t=SR&vt=w&ea=1&cs=1_2cffd6a0&cb=1654860575409&jobListingId=1007772181464&jrtk=3-0-1g56m0scmq69j801-1g56m0sd3j47k800-81765c881c1bfa35-
CMTBuilders La Union,NA,Office Engineer,San Fernando,"Candidate must possess at least a Bachelor's/College Degree, Professional License(Passed Board/Bar/Professional License Exam),Engineering(Civil)or equivalent. Knowledge of Engineering Science and Technology Knowledge of Building and Construction Thinking ang reasoning skills Complex problem solving skills To be thorough and pay attention to detail Analytical Thinking Skills 8 hour shift",https://www.glassdoor.com/partner/jobListing.htm?pos=120&ao=1136043&s=58&guid=000001814d60716ead2d6d5eb9d6e350&src=GD_JOB_AD&t=SR&vt=w&ea=1&cs=1_d6cb3cd1&cb=1654860575411&jobListingId=1007852899216&jrtk=3-0-1g56m0scmq69j801-1g56m0sd3j47k800-f4c1d53427310acc-
ISS Facility Services,NA,Property Engineer (Licensed ME/EE/CE),Taguig,"at least 6 months-3 years of related work experience Responsible for overall Building Management and Equipment Maintenance Track and communicate work request status and completion. Monitor all safety programs to prevent exposure and decrease liability for the property. Conduct daily coordination meetings with security, maintenance, and janitorial personnel Ensure that all equipment and facilities are in good working condition by conducting a regular inspection. Implement preventive maintenance and undertake corrective maintenance. Candidate must possess at least a Bachelor's/College Degree in Mechanical/Electrical/Civil Engineering Must be a Licensed/Registered Engineer Can start immediately willing to be assigned in BGC, Taguig, San Miguel, Ortigas, UN Manil, Mandaluyong 8 hour shift 13th month salary Taguig City: Reliably commute or planning to relocate before starting work (Preferred) Bachelor's (Required) Building Engineer: 1 year (Preferred) Property Engineer: 1 year (Preferred) Licensed Electrical Engineer (Required) Licensed Civil Engineer (Required) Licensed Mechanical Engineer (Required)",https://www.glassdoor.com/partner/jobListing.htm?pos=116&ao=1136043&s=58&guid=000001814d60716ead2d6d5eb9d6e350&src=GD_JOB_AD&t=SR&vt=w&ea=1&cs=1_758bd574&cb=1654860575411&jobListingId=1007858732017&jrtk=3-0-1g56m0scmq69j801-1g56m0sd3j47k800-36c856f0b8ccd494-
MRS WOOD INDUSTRIES AND CONSTRUCTION,NA,Office Engineer,Quezon City,Additional leave Company Christmas gift Company events Health insurance Opportunities for promotion Paid training Pay raise Promotion to permanent employee 8 hour shift 13th month salary Overtime pay Performance bonus,https://www.glassdoor.com/partner/jobListing.htm?pos=129&ao=1136043&s=58&guid=000001814d60716ead2d6d5eb9d6e350&src=GD_JOB_AD&t=SR&vt=w&ea=1&cs=1_01827b20&cb=1654860575413&jobListingId=1007862120306&jrtk=3-0-1g56m0scmq69j801-1g56m0sd3j47k800-216af61ee182313f-
The Emirates Group,4.0,LICENSED AIRCRAFT ENGINEER III,Manila,"Job Purpose: To carry out and ensure that routine maintenance tasks and defect rectification of aircraft is carried out in accordance with laid down procedures and regulations. Job Outline: - Generic: BUSINESS OBJECTIVE: To carry out aircraft maintenance/servicing tasks compliant to manufacturers & local safety procedures. Ensure that the assigned zones/aircraft are maintained IAW the documentation issued by approved authorities ensuring compliance is maintained to the latest revisions. This is applicable to all Technical Publications e.g. Aircraft documentation, Technical Notices, Quality Notices, Engineering Procedures Manual etc. Staff must ensure their personal approval/licensing requirements are valid and applicable to aircraft types worked through close liaison with Quality Assurance/GCAA. Audit process and procedures to ensure the highest level of maintenance is achieved with the resources available. Ensure prompt attendance to all allocated aircraft arrival/departures with the intent to maximize the opportunities during ground time and avoid operational delays/disruptions. - COST CONTROL: Ensure all off-aircraft tasks i.e. spares handling, robberies, hold items...etc. are handled strictly IAW Company procedures and all the relevant paperwork is actioned in a way that provides full transparency to all involved. Determine that any tooling/equipment used is serviceable and appropriate for the task and should be able to understand and use specialized tooling where required. Robbery procedures used as a method to reduce costs and ensure a right-first-time pocket of good practice is formulated to ensure costs are reduced by avoiding multiple attempts to rectify defects. Ensure trouble shooting follows laid down procedures and all tools used to ensure that fault rectification is carried out in the most expedient and cost effective manner. To ensure that effective and efficient use of ordering of spares/ materials takes place and that as a result DBNUs are reduced to zero. - RESOURCES: Ensure resources and manpower available is supportive of the business needs allowing targets/milestones set to be adequately met. To carry out any component changes as is necessary as part of the troubleshooting process and as directed by immediate supervisor. This will include the ability to obtain and understand AMM, IPC, or other Manufacturer/vendor documentation required to carry out the task. Ensure that available resources are utilised fully to meet the business needs. - SAFETY: Ensure that all activities performed and personnel responsible for are closely monitored to ensure the best possible application of safety rules and regulations are applied ensuring full understanding and adherence to Company procedures. Staff must highlight deficiencies/ requirements (whether for aircraft or hangar use) through the effective use of reporting tools in support of the overall quality improvement process and actively participate in propagating and enhancing the Group safety culture. Participate and promote in creating a safety culture in an effort to minimize accidents and highlight deficiencies/failures that can lead to such accidents. Ensure all work locations are kept clean and excellent housekeeping conditions are maintained. To avoid FOD, will be vigilant in ensuring work areas (including the ramp), vehicles, stands, lockers and toolboxes are all kept clean. Responsible of being fully conversant with airport safety regulations including, holding and maintaining an airport driving permit. Should be fully conversant with airport manoeuvring area requirements and be able to fully comply. - COMMUNICATIONS: Establish effective up-down rapport with Manager, Senior Engineers and sub-ordinates to maintain a seamless flow of information to highlight/detect and address any scenarios/events that might be disruptive to the operation. Ensure all relevant reports pertaining to issues of service delays, incidents and accidents, are completed in detail identifying all elements leading up to events. This includes completion of the necessary documentation including all relevant information that will allow rectification of defects by concerned sections through short-term maintenance planning. Additional reviews of all other activities/actions must be performed to allow process improvements to be implemented as necessary. - HR REVIEWS: Responsible for conducting performance reviews for staff under their direct control through the fair and just application of the Performance Matters! tool. Deficiencies or inability to meet objectives/competencies must be highlighted during interim reviews and an agreed course of action implemented to improve/correct any issues identified. Each to be effective in guiding/coaching/counselling junior staff assigned to their team, including National and Expat Trainees, ensuring action and development plans are in place to address any areas of concern. Ensure all staff allocated to him/her and themselves efficiently clock on/ clock off Job cards in the process of performing their usual duties. Must be available to assume duties and responsibilities of shift manager/senior engineer shift whenever delegated by the section manager. - TRAINING: Attend training modules as and when required by the Company to enhance skills and understanding that will benefit the business. Required to undergo recurrent Human Factors Training, to comply with CAR 145 requirements every 2 years. Ensure that any training courses attended are turned into approvals as required within 3.5 months from completion of attended course. - ADAPTABILITY (Specific to EK engineering): Be available to be deployed anywhere throughout the EK operation including diversionary airfields to assist in the recovery process of an AOG (Aircraft on Ground), and/or the aircraft/component manufacturers' facilities to act as EK Rep. to oversee the final assembly of Emirates' new aircraft, supervise any outsourced maintenance work and assisting in the acceptance/delivery process. Also available for postings to outstations to support the needs of EK operations.
Qualifications & Experience: Engineering.Other : : National / Higher National Diploma (12+2 or equivalent) or Apprenticeship in Mechanical, Electronic, Avionics or Aeronautical Engineering or equivalent training with a reputable airline or an approved maintenance organisation. Must have UAE GCAA/ ICAO Type II/ EASA 66 licence type rated in at least 1 Emirates aircraft type. 7+ years in aviation maintenance environment as an Aircraft Technician with a reputable airline or Aircraft Maintenance Organisation. Knowledge/skills: Fully conversant with Air Legislation and legal matters that relate to the operation and maintenance of aircraft to international standards. Safety Sensitive role- Yes Details of Safety Sensitive role ENA Working at height Yes Exposure to hazardous energy systems Yes Heavy lifting Yes Working in areas with motorised mobile equipment Yes Work in confined spaces Yes Contact with contaminations materials (Humans/Animals/Chemicals) Yes Contact with dangerous good Yes Work in an extremely noisy environment Yes Work in heat Yes Working with pressurised substances Yes Exposure to fixed protruding sharp objects Yes Exposure to contact with moving/falling objects Yes Airport driving permit Yes Other ( please specify)
Salary & Benefits: Join our growing team and enjoy a competitive remuneration package, discounts on flights and hotel stays.Show more ",https://www.glassdoor.com/partner/jobListing.htm?pos=104&ao=1136043&s=58&guid=000001814d60716ead2d6d5eb9d6e350&src=GD_JOB_AD&t=SR&vt=w&cs=1_488afdcd&cb=1654860575407&jobListingId=1007916277181&jrtk=3-0-1g56m0scmq69j801-1g56m0sd3j47k800-034701f090c25ee8-
"Maedan Enterprise, Inc.",NA,Service Engineer,Parañaque,8 hour shift Day shift Monday to Friday 13th month salary Commission pay Parañaque City: Reliably commute or planning to relocate before starting work (Required),https://www.glassdoor.com/partner/jobListing.htm?pos=105&ao=1136043&s=58&guid=000001814d60716ead2d6d5eb9d6e350&src=GD_JOB_AD&t=SR&vt=w&ea=1&cs=1_32a20b08&cb=1654860575407&jobListingId=1007928254101&jrtk=3-0-1g56m0scmq69j801-1g56m0sd3j47k800-4786753f443270e2-
AJ3 Electrolink Corporation,NA,Project Engineer,Antipolo,Transportation service provided 8 hour shift 13th month salary Overtime pay Bachelor's (Preferred) Project Engineer: 1 year (Preferred),https://www.glassdoor.com/partner/jobListing.htm?pos=106&ao=1136043&s=58&guid=000001814d60716ead2d6d5eb9d6e350&src=GD_JOB_AD&t=SR&vt=w&ea=1&cs=1_83342ec0&cb=1654860575407&jobListingId=1007912887852&jrtk=3-0-1g56m0scmq69j801-1g56m0sd3j47k800-ccf5da7b1d8209c3-
Dimension-All Inc.,NA,Junior Design Engineer,Calamba,Prepares the initial proposal for take-off list and drawings based on client's requirement and structural plans Prepares Design Calculation and Methodology of proposed layout Responsible also for the rework based on client's comment or EM's recommendation B.S. Degree in any Engineering Course (with or without license) At least 1 year work experience Basic and Advanced CAD Knowledge Additional leave Company Christmas gift Company events Flextime Health insurance Life insurance Paid training Work from home 10 hour shift 13th month salary Overtime pay Bachelor's (Required) Design Engineer: 1 year (Required) Temporarily due to COVID-19,https://www.glassdoor.com/partner/jobListing.htm?pos=109&ao=1136043&s=58&guid=000001814d60716ead2d6d5eb9d6e350&src=GD_JOB_AD&t=SR&vt=w&ea=1&cs=1_d2e7a90e&cb=1654860575408&jobListingId=1007643369729&jrtk=3-0-1g56m0scmq69j801-1g56m0sd3j47k800-6981c8b8daa1d65a-
D.L. CERVANTES CONSTRUCTION CORP.,NA,Project Engineer,Manila,Health insurance Life insurance Paid training 8 hour shift 13th month salary Overtime pay Performance bonus Manila: Reliably commute or planning to relocate before starting work (Required) Bachelor's (Preferred) Project Engineer: 1 year (Preferred),https://www.glassdoor.com/partner/jobListing.htm?pos=115&ao=1136043&s=58&guid=000001814d60716ead2d6d5eb9d6e350&src=GD_JOB_AD&t=SR&vt=w&ea=1&cs=1_2e30a925&cb=1654860575410&jobListingId=1007855572968&jrtk=3-0-1g56m0scmq69j801-1g56m0sd3j47k800-b6b6300ba331c389-
Fastech Advanced Assembly Inc.,4.3,Cadet Engineer,Cabuyao,"Graduate of engineering course (ECE, CHE, IE, ME, Material Science) With or without experience. Fresh graduates are welcome to apply! Computer literate Can work in shifting schedule (Tri-shift) 8 hour shift Cabuyao, Laguna: Reliably commute or planning to relocate before starting work (Preferred)",https://www.glassdoor.com/partner/jobListing.htm?pos=113&ao=1136043&s=58&guid=000001814d60716ead2d6d5eb9d6e350&src=GD_JOB_AD&t=SR&vt=w&ea=1&cs=1_70b6bf88&cb=1654860575409&jobListingId=1007903921545&jrtk=3-0-1g56m0scmq69j801-1g56m0sd3j47k800-eee5d9f76d5a5635-
Chiyoda,3.6,ELECTRICAL ENGINEER 1 (Entry Level),Mandaluyong City,"Licensed Electrical Engineer No work experience required With good scholastic records Familiar with theories, principles, and practices of Electrical Engineering",https://www.glassdoor.com/partner/jobListing.htm?pos=118&ao=1136043&s=58&guid=000001814d60716ead2d6d5eb9d6e350&src=GD_JOB_AD&t=SR&vt=w&cs=1_9c374830&cb=1654860575411&jobListingId=1007878102838&jrtk=3-0-1g56m0scmq69j801-1g56m0sd3j47k800-0438a522e762d33c-
AVLON Inc.,NA,GET (Graduate Engineer Trainees) Batch 4,Quezon City,"Graduate of Mechanical Engineering Fresh graduates are welcome to apply MS Word, MS Excel and MS Power point is mandatory Willing to work extended hours, weekends and holidays. Willing to be assigned in Quezon City. Ensuring project packages meet agreed specifications, budgets and/or timescales liaising with clients, subcontractors, Supplier and other professional staff Preparing Project reports and other paperwork Manage the site on a day-to-day basis. Can work under pressure and with deadlines 8 hour shift",https://www.glassdoor.com/partner/jobListing.htm?pos=102&ao=1136043&s=58&guid=000001814d60716ead2d6d5eb9d6e350&src=GD_JOB_AD&t=SR&vt=w&ea=1&cs=1_438997e8&cb=1654860575407&jobListingId=1007712017713&jrtk=3-0-1g56m0scmq69j801-1g56m0sd3j47k800-4073ddc52d685a79-
El Nido Resorts,4.4,Resort Engineer,El Nido,"Licensed Electrical or Mechanical Engineer is preferred Must have at least 2 years of supervisory experience in a hotel, resort or as Building Engineer Must have vast knowledge in power generators, water systems (STPs) and HVAC Must be willing to be assigned in El Nido, Palawan Paid training Pay raise Transportation service provided Day shift 13th month salary Yearly bonus El Nido, Palawan: Reliably commute or willing to relocate with an employer-provided relocation package (Required) Bachelor's (Preferred) Engineering: 1 year (Preferred) Mechanical or Electrical Engineer license (Required)",https://www.glassdoor.com/partner/jobListing.htm?pos=124&ao=1136043&s=58&guid=000001814d60716ead2d6d5eb9d6e350&src=GD_JOB_AD&t=SR&vt=w&ea=1&cs=1_5d2111d9&cb=1654860575412&jobListingId=1007864106669&jrtk=3-0-1g56m0scmq69j801-1g56m0sd3j47k800-017167add32ffc08-
"Servicio Filipino, Inc",4.2,Project Management Engineer,Calamba,8 hour shift 13th month salary Overtime pay Project Management: 1 year (Preferred),https://www.glassdoor.com/partner/jobListing.htm?pos=123&ao=1136043&s=58&guid=000001814d60716ead2d6d5eb9d6e350&src=GD_JOB_AD&t=SR&vt=w&ea=1&cs=1_f24f2234&cb=1654860575412&jobListingId=1007781850082&jrtk=3-0-1g56m0scmq69j801-1g56m0sd3j47k800-436852c48462c5b1-
ESCA Incorporated,3.7,CIVIL DESIGN ENGINEERS,Quezon City,"Interprets survey reports, maps, drawings, blueprints, aerial photography, and other topographical or geographic data. Performs analysis, calculations and design hydraulic systems and structures, following construction and government standards, using design software and drawing tools. Performs analysis, calculations and design of road geometry and profile. Performs grading design and calculations of earthworks. Assists in inspecting project sites to monitor progress and ensure conformance to design specifications and safety or sanitation standards. Assists construction, operations, and maintenance activities at project site. Performs estimating works to quantities and cost of materials, equipment, or labor. Assists in coordinating work with other disciplines such as architectural, mechanical, electrical, etc. Performs other tasks assigned from time to time. Registered Civil Engineer with at least 2 years of experience in civil and/or land development works. Fresh graduates are encouraged to apply. Knowledge in the design of roads, water supply, storm drainage and/or sewerage systems. Proficient in AutoCADD and MS Office. Knowledge in Autodesk Civil 3D software.",https://www.glassdoor.com/partner/jobListing.htm?pos=125&ao=1136043&s=58&guid=000001814d60716ead2d6d5eb9d6e350&src=GD_JOB_AD&t=SR&vt=w&cs=1_61f25d9e&cb=1654860575412&jobListingId=1006530498241&jrtk=3-0-1g56m0scmq69j801-1g56m0sd3j47k800-04be6847722bcafb-
FURUKAWA THERMAL MANAGEMENT SOLUTIONS AND PRODUCTS LAGUNA INC.,NA,Planning Engineer,Santa Rosa,"Health insurance Life insurance Opportunities for promotion Promotion to permanent employee Transportation service provided 8 hour shift 13th month salary Overtime pay Santa Rosa City, Laguna: Reliably commute or planning to relocate before starting work (Preferred)",https://www.glassdoor.com/partner/jobListing.htm?pos=119&ao=1136043&s=58&guid=000001814d60716ead2d6d5eb9d6e350&src=GD_JOB_AD&t=SR&vt=w&ea=1&cs=1_c9441ea9&cb=1654860575411&jobListingId=1007901907003&jrtk=3-0-1g56m0scmq69j801-1g56m0sd3j47k800-78a8f785b7398851-
Al Amal Recruitment Specialist,NA,Assistant Chief Engineer,Tagaytay,"Tagaytay, Cavite: Reliably commute or planning to relocate before starting work (Preferred) How many years of experience do you have in the hotel industry? Can you start immediately? Bachelor's (Preferred) Assistant Chief Engineer: 5 years (Preferred)",https://www.glassdoor.com/partner/jobListing.htm?pos=121&ao=1136043&s=58&guid=000001814d60716ead2d6d5eb9d6e350&src=GD_JOB_AD&t=SR&vt=w&ea=1&cs=1_0c1d17b4&cb=1654860575411&jobListingId=1007897568524&jrtk=3-0-1g56m0scmq69j801-1g56m0sd3j47k800-c263504825285d2d-
Schneider Electric,4.2,Methods Engineer,Province of Cavite,"Lead Capacity study and monitor -Based on the newest forecast from logistics, do the capacity study to see the gap between them and find a solution. Improve process internal line by LADM methodology -Update capacity and enlarge it by temporary method if something changes -Long term capacity expectation (3 years), make an investment plan
 Lead SPS respective factory function - Keep diagnosis result, to find new waste happened -Continuously improve the IE level in the whole plant -Optimize the material handling process -Push logistics to improve raw material package size in localization project -Improve the old-line architecture or design a new line architecture base on lean manufacturing concept -LADM, MTM, VSM, and Ergo engineering
 Lead & coordinate cross-department teams to resolve emerging issues in the process. Play a key role in supporting management decisions (to create a culture of continuous improvement in the team)
 Generates, monitors, review and modify, if necessary, the Work Instructions (WI) that are being used in the manufacturing line. • Supports and analyzes New Product Development (NPD)/New Product Transfer (NPT) processes during pilot run and mass production
 Initiate and implement the Engineering Change Order (ECO). • Analyzes and monitors failure trends Quality Statistics and Analysis Reporting (QUASAR) and formulate effective corrective actions/solutions to improve productivity and line efficiency
 Lead Beat on Waste for the respective zone to Improve Productivity and Service level
 Monitors, evaluates, recommends, and improves the manufacturing process to increase productivity and reduce DPUs
 Conducts training and certifications on operators regarding process familiarization and other issues, in coordination with the L&D group
 Lead VSM workshop for zone along with driving action through Lean tools to improve Process lead time
 Conducts Time and Motion study before the new products are introduced, during a production run, and after improvements are implemented
 Responsible for PCBA transfer/localization
 Considers as a Team Leader / Senior Expert who is an expert in several areas of knowledge regarding production/manufacturing processes in an entity. Strongly contributing to / leading continuous improvement actions
 Support Production -Troubleshooting in daily production
 Update the base of the working instruction on new quality or technical requirements-Train trainers based on product requirements -Optimize the production process to reduce the quality defect -Production database maintenance -Maintenance BOM and routine in SAP
 To review PCBA process specification, including qualification plan with central team and supplier for new design PCBA and PCBA localization
 Qualify PCBA process with the quality department together and the Manufacturing team, and transfer the responsibility of PCBA supplier management to the operation team after mass production
 Bachelor of Science graduate preferably in Industrial Manufacturing Engineering
 An effective driver of smart manufacturing
 5 years of relevant experience in the Manufacturing Engineer department
 Hands-on Experience in Leading Capacity management by designing New Line architecture
 Experienced in industrial efficiency and driving Kaizen, Lean, JDI, and Six Sigma projects through Lean tools
 Experienced in New Line Design and Automation with Digitization, Robotics, AGV, AI, and other related platforms
 Global family leave
 Comprehensive medical coverage for employee and dependents
 Worldwide Employee Stock Ownership
 Flexible work arrangement
 On-site gym
 ",https://www.glassdoor.com/partner/jobListing.htm?pos=128&ao=1136043&s=58&guid=000001814d60716ead2d6d5eb9d6e350&src=GD_JOB_AD&t=SR&vt=w&cs=1_4887b95a&cb=1654860575412&jobListingId=1007828533544&jrtk=3-0-1g56m0scmq69j801-1g56m0sd3j47k800-815227ae8b1fca53-
ON Semiconductor,3.9,NCG QA Engineer,Carmona,"Supports Quality Engineering in providing quality assurance engineering support in one of the areas of assembly, test and inspection, in-process Performs engineering experiments to help resolve product quality problems in support of Quality Engineers Supports Quality Engineers in their activities to ensure the timely resolution of customer related issues Supports Quality Engineers in investigating and resolving any quality or reliability issues found during Process Audit/RBFA and Gate Coordinate and work with Operations/Engineering groups in the hold- lots management (problem-solving, material dispositioning, and corrective action implementation activities) Supports Quality Engineering on important projects or company mandated events Supports Quality Engineers in report generation Fresh Graduate. Bachelor of Science degree in engineering (preferably ECE, Electronics, Mechanical, Electrical, Chemical) or a college degree related to Semiconductor Manufacturing Excellent leadership and interpersonal skills Strong communication, quantitative and analytical skills Computer Literate (Windows Apps) Ability to write technical documentation and reports",https://www.glassdoor.com/partner/jobListing.htm?pos=122&ao=1136043&s=58&guid=000001814d60716ead2d6d5eb9d6e350&src=GD_JOB_AD&t=SR&vt=w&cs=1_d116e081&cb=1654860575412&jobListingId=1007912597060&jrtk=3-0-1g56m0scmq69j801-1g56m0sd3j47k800-101fbdb4549a7871-
Furukawa Electric Autoparts Philippines,4.0,PRODUCTION ENGINEER (FRESH GRADUATE OF ME / ECE / EE & IE),Binãn,"Graduate of BS ME / IE / EE / ECE FRESH GRADUATE ARE OPEN TO APPLY! With or without experience in manufacturing company Strong leadership abilities. Superb written and verbal communication skills. Ability to make decisions under pressure Great attention to detail and organizational skills. Willing to work on a shifting basis Render OT weekdays and weekends if required Supervising the manufacturing processes, ensuring quality work is done in a safe, efficient manner. Liaising with other engineers to develop plans that improve production, costs, and labor required. Diagnosing problems in the production line and providing recommendations and training. Opportunities for promotion Staff meals provided Transportation service provided 8 hour shift Shift system 13th month salary Overtime pay Performance bonus",https://www.glassdoor.com/partner/jobListing.htm?pos=103&ao=1136043&s=58&guid=000001814d60716ead2d6d5eb9d6e350&src=GD_JOB_AD&t=SR&vt=w&ea=1&cs=1_40e7c0d7&cb=1654860575407&jobListingId=1007662076726&jrtk=3-0-1g56m0scmq69j801-1g56m0sd3j47k800-af0f9dc6bf4cfbcb-
P. IMES,3.8,PRODUCTION ENGINEER,Rosario,"Engineering Graduate (ME/ EE/ ECE) 
Preferably with experience in electronics/semiconductor company/ cable manufacturing 
With problem solving skills",https://www.glassdoor.com/partner/jobListing.htm?pos=114&ao=1136043&s=58&guid=000001814d60716ead2d6d5eb9d6e350&src=GD_JOB_AD&t=SR&vt=w&cs=1_ccd56269&cb=1654860575409&jobListingId=1006861804563&jrtk=3-0-1g56m0scmq69j801-1g56m0sd3j47k800-501e521088c59516-
Trion Trade Inc.,NA,IOT Engineer,Pasig City,"Able to create design files such as circuit schematic, PCB Gerber file, Bill-of-Materials, etc. Knowledgeable in different electronic communication protocols (I2C, SPI, UART, etc.) and wireless communication protocols (WiFi, LoRa, GSM, etc.) Has excellent knowledge in Engineering practices and procedures Strong background in analog and digital electronics Knowledgeable in C and C++ Experienced in microcontroller programming (AVR, PIC or ARM) Able to demonstrate Root Cause Analysis Knowledgeable in Raspberry pi and Arduino CAN START ASAP Competitive Salary Package Company benefits Full exposure and training in your field while having the autonomy to unleash your skills Company paid training for career development Fun and empowering working environment Career and character growth opportunities Open Communications Can Start ASAP Additional leave Company Christmas gift Company events Employee stock ownership plan Flextime Free parking Health insurance On-site parking Opportunities for promotion Paid training Pay raise 8 hour shift Day shift Flexible shift Monday to Friday 13th month salary Performance bonus Pasig City: Reliably commute or planning to relocate before starting work (Preferred)",https://www.glassdoor.com/partner/jobListing.htm?pos=126&ao=1136043&s=58&guid=000001814d60716ead2d6d5eb9d6e350&src=GD_JOB_AD&t=SR&vt=w&ea=1&cs=1_9486f24c&cb=1654860575412&jobListingId=1007915454410&jrtk=3-0-1g56m0scmq69j801-1g56m0sd3j47k800-1d62dc35e150f691-
Robinsons Supermarket Corporation,4.0,Mall Engineer,San Pedro,"Must possess at least a Bachelor’s Degree in Electrical Engineering, Mechanical Engineering, or its equivalent Preferably with at least 1 year experience in equipment maintenance planning and supervision Must have project management and leadership skills 8 hour shift Bachelor's (Preferred) Engineering: 1 year (Preferred)",https://www.glassdoor.com/partner/jobListing.htm?pos=101&ao=1136043&s=58&guid=000001814d60716ead2d6d5eb9d6e350&src=GD_JOB_AD&t=SR&vt=w&ea=1&cs=1_ee2ab9ec&cb=1654860575407&jobListingId=1007766208621&jrtk=3-0-1g56m0scmq69j801-1g56m0sd3j47k800-25847c68ec10d766-
P. IMES,3.8,PRODUCTION ENGINEER,Rosario,"Engineering Graduate (ME/ EE/ ECE) 
Preferably with experience in electronics/semiconductor company/ cable manufacturing 
With problem solving skills",https://www.glassdoor.com/partner/jobListing.htm?pos=224&ao=1136043&s=58&guid=000001814d614c47b93556b99b98fcac&src=GD_JOB_AD&t=SR&vt=w&cs=1_fd7e39a6&cb=1654860631418&jobListingId=1006861804563&jrtk=3-0-1g56m2j3br0ok801-1g56m2j3lmfra800-501e521088c59516-
"EZ ROCKS COMPANY, INC.",NA,Plant Engineer,Cabuyao,"Evaluate manufacturing processes and workflows to identify opportunities for improvement Apply a working knowledge of product design and assembly to the manufacturing process Create processes and procedures to help the company meet budgetary and performance goals Alongside the creative team, design and develop new products and product mock-ups Participate in cross-departmental meetings to ensure collaboration Establish effective and efficient work sequences Solve existing manufacturing problems Develop standardized design criteria for all products 8 hour shift 13th month salary Cabuyao City, Laguna: Reliably commute or planning to relocate before starting work (Required)",https://www.glassdoor.com/partner/jobListing.htm?pos=220&ao=1136043&s=58&guid=000001814d614c47b93556b99b98fcac&src=GD_JOB_AD&t=SR&vt=w&ea=1&cs=1_8112141c&cb=1654860631415&jobListingId=1007772181464&jrtk=3-0-1g56m2j3br0ok801-1g56m2j3lmfra800-81765c881c1bfa35-
Megawide Construction Corporation,3.8,Field Engineer,Parañaque,"At least 2 years experience in the same capacity exposed in Vertical Construction. Assist in the project superintendent in construction slab, beam/ girders, stairs, precast, columns, shear and core wall. Interprets and executes plans and specifications & controls the over- all inter-phasing of structural works. Coordinates and assists the subcontractors for the proper execution of wor assignment. With excellent organizational and project management skills. Health insurance Life insurance Paid training 8 hour shift Holidays 13th month salary Overtime pay Performance bonus Parañaque City: Reliably commute or planning to relocate before starting work (Preferred)",https://www.glassdoor.com/partner/jobListing.htm?pos=218&ao=1136043&s=58&guid=000001814d614c47b93556b99b98fcac&src=GD_JOB_AD&t=SR&vt=w&ea=1&cs=1_bd5b2ec2&cb=1654860631415&jobListingId=1007911658470&jrtk=3-0-1g56m2j3br0ok801-1g56m2j3lmfra800-53913897e3ab474e-
Furukawa Electric Autoparts Philippines,4.0,PRODUCTION ENGINEER (FRESH GRADUATE OF ME / ECE / EE & IE),Binãn,"Graduate of BS ME / IE / EE / ECE FRESH GRADUATE ARE OPEN TO APPLY! With or without experience in manufacturing company Strong leadership abilities. Superb written and verbal communication skills. Ability to make decisions under pressure Great attention to detail and organizational skills. Willing to work on a shifting basis Render OT weekdays and weekends if required Supervising the manufacturing processes, ensuring quality work is done in a safe, efficient manner. Liaising with other engineers to develop plans that improve production, costs, and labor required. Diagnosing problems in the production line and providing recommendations and training. Opportunities for promotion Staff meals provided Transportation service provided 8 hour shift Shift system 13th month salary Overtime pay Performance bonus",https://www.glassdoor.com/partner/jobListing.htm?pos=213&ao=1136043&s=58&guid=000001814d614c47b93556b99b98fcac&src=GD_JOB_AD&t=SR&vt=w&ea=1&cs=1_ed0a026b&cb=1654860631414&jobListingId=1007662076726&jrtk=3-0-1g56m2j3br0ok801-1g56m2j3lmfra800-af0f9dc6bf4cfbcb-
Alpha Maintenance,4.2,Oil & Gas Process Engineer - Technical Writter M/F,Pampanga,"Operating manuals & facilities description producing.  * Operating procedures producing according to client specifications. Training materials and Handbooks Preparation. Designers production of manual diagrams supervision. Client comments incorporating following documents review cycle. Regular activity reports writing & issuing to project managers. Production progress tables Daily update. Client data and documentation collecting & acquisition. Replying to client technical clarifications. Controlling of the correct implementation of the interactive version of the operating manuals Participating & supervizing of the preparation of the Operating Manual packages Holder of a Master degree mainly focused on process engineering / Chemical Engineering, you can justify of a first experience in a similar position. Good technical writing and interpersonal skills Good knowledge of industrial installations (petrochemicals, refining ...) , Oil & gas branch Good knowledge on industrial plans reading (P&ID’s, PFD…) and process documents Good level on Office Pack required Fluent in English required 8 hour shift",https://www.glassdoor.com/partner/jobListing.htm?pos=204&ao=1110586&s=58&guid=000001814d614c47b93556b99b98fcac&src=GD_JOB_AD&t=SR&vt=w&cs=1_5bab1f74&cb=1654860631412&jobListingId=1007931028517&cpc=0C139D4CAD5A6DB2&jrtk=3-0-1g56m2j3br0ok801-1g56m2j3lmfra800-fb4c8fea5098f5b1--6NYlbfkN0CvAkBB-wLKBJwpk_QEebqWsMYGMubWCIlbd5f4RRvvMTC107nFUTF2oxxu2E72Wi6cOQFrrSH1DSyIu0yaFyNJx-o0mRJGizd9PyqWRs1gyVTS2204gAAfgj3JzFJ1Bm3joO_wbwq0kDEAl-m2zzuRvLEGXedhCF2odopqwUOJjpTiqk7I_0FsKCFnmVOru-qsES4pOKzhwmkVXE3P79thPxcz9gNZGIws6cGi4I9czhagqUTEmD6LUZE2kg-c7MkkKg5XZWMxsDeeFCGvd1H3Yjq1EO5g3kgqhpa6b7q5Xd63MC15vStM5-UQrNc0thJJEBOhG00O8I1lR_aI0hduhxvitoTNd7Ax6_BJMUwRdwUiWBMZIxhWp_sLalCrY770LzcjYl-cmtKYm4LCJ4IS6vFk7yV-M1ZCOuPMlst2XqhW1hGQdBuxlhJelc7AN_LSjD68R1fwFmNDvA_9XxZQb6yOP72_c-r3TrfHeTDzaOge2Yf4dZKPuu6ycZ_V9muOEzLDQRt9dsYdl0DgLvXOh9DfJKfejW0%3D
CMTBuilders La Union,NA,Office Engineer,San Fernando,"Candidate must possess at least a Bachelor's/College Degree, Professional License(Passed Board/Bar/Professional License Exam),Engineering(Civil)or equivalent. Knowledge of Engineering Science and Technology Knowledge of Building and Construction Thinking ang reasoning skills Complex problem solving skills To be thorough and pay attention to detail Analytical Thinking Skills 8 hour shift",https://www.glassdoor.com/partner/jobListing.htm?pos=230&ao=1136043&s=58&guid=000001814d614c47b93556b99b98fcac&src=GD_JOB_AD&t=SR&vt=w&ea=1&cs=1_b39a4ae1&cb=1654860631418&jobListingId=1007852899216&jrtk=3-0-1g56m2j3br0ok801-1g56m2j3lmfra800-f4c1d53427310acc-
ISS Facility Services,NA,Property Engineer (Licensed ME/EE/CE),Taguig,"at least 6 months-3 years of related work experience Responsible for overall Building Management and Equipment Maintenance Track and communicate work request status and completion. Monitor all safety programs to prevent exposure and decrease liability for the property. Conduct daily coordination meetings with security, maintenance, and janitorial personnel Ensure that all equipment and facilities are in good working condition by conducting a regular inspection. Implement preventive maintenance and undertake corrective maintenance. Candidate must possess at least a Bachelor's/College Degree in Mechanical/Electrical/Civil Engineering Must be a Licensed/Registered Engineer Can start immediately willing to be assigned in BGC, Taguig, San Miguel, Ortigas, UN Manil, Mandaluyong 8 hour shift 13th month salary Taguig City: Reliably commute or planning to relocate before starting work (Preferred) Bachelor's (Required) Building Engineer: 1 year (Preferred) Property Engineer: 1 year (Preferred) Licensed Electrical Engineer (Required) Licensed Civil Engineer (Required) Licensed Mechanical Engineer (Required)",https://www.glassdoor.com/partner/jobListing.htm?pos=226&ao=1136043&s=58&guid=000001814d614c47b93556b99b98fcac&src=GD_JOB_AD&t=SR&vt=w&ea=1&cs=1_b78b4558&cb=1654860631418&jobListingId=1007858732017&jrtk=3-0-1g56m2j3br0ok801-1g56m2j3lmfra800-36c856f0b8ccd494-
The Emirates Group,4.0,LICENSED AIRCRAFT ENGINEER III,Manila,"Job Purpose: To carry out and ensure that routine maintenance tasks and defect rectification of aircraft is carried out in accordance with laid down procedures and regulations. Job Outline: - Generic: BUSINESS OBJECTIVE: To carry out aircraft maintenance/servicing tasks compliant to manufacturers & local safety procedures. Ensure that the assigned zones/aircraft are maintained IAW the documentation issued by approved authorities ensuring compliance is maintained to the latest revisions. This is applicable to all Technical Publications e.g. Aircraft documentation, Technical Notices, Quality Notices, Engineering Procedures Manual etc. Staff must ensure their personal approval/licensing requirements are valid and applicable to aircraft types worked through close liaison with Quality Assurance/GCAA. Audit process and procedures to ensure the highest level of maintenance is achieved with the resources available. Ensure prompt attendance to all allocated aircraft arrival/departures with the intent to maximize the opportunities during ground time and avoid operational delays/disruptions. - COST CONTROL: Ensure all off-aircraft tasks i.e. spares handling, robberies, hold items...etc. are handled strictly IAW Company procedures and all the relevant paperwork is actioned in a way that provides full transparency to all involved. Determine that any tooling/equipment used is serviceable and appropriate for the task and should be able to understand and use specialized tooling where required. Robbery procedures used as a method to reduce costs and ensure a right-first-time pocket of good practice is formulated to ensure costs are reduced by avoiding multiple attempts to rectify defects. Ensure trouble shooting follows laid down procedures and all tools used to ensure that fault rectification is carried out in the most expedient and cost effective manner. To ensure that effective and efficient use of ordering of spares/ materials takes place and that as a result DBNUs are reduced to zero. - RESOURCES: Ensure resources and manpower available is supportive of the business needs allowing targets/milestones set to be adequately met. To carry out any component changes as is necessary as part of the troubleshooting process and as directed by immediate supervisor. This will include the ability to obtain and understand AMM, IPC, or other Manufacturer/vendor documentation required to carry out the task. Ensure that available resources are utilised fully to meet the business needs. - SAFETY: Ensure that all activities performed and personnel responsible for are closely monitored to ensure the best possible application of safety rules and regulations are applied ensuring full understanding and adherence to Company procedures. Staff must highlight deficiencies/ requirements (whether for aircraft or hangar use) through the effective use of reporting tools in support of the overall quality improvement process and actively participate in propagating and enhancing the Group safety culture. Participate and promote in creating a safety culture in an effort to minimize accidents and highlight deficiencies/failures that can lead to such accidents. Ensure all work locations are kept clean and excellent housekeeping conditions are maintained. To avoid FOD, will be vigilant in ensuring work areas (including the ramp), vehicles, stands, lockers and toolboxes are all kept clean. Responsible of being fully conversant with airport safety regulations including, holding and maintaining an airport driving permit. Should be fully conversant with airport manoeuvring area requirements and be able to fully comply. - COMMUNICATIONS: Establish effective up-down rapport with Manager, Senior Engineers and sub-ordinates to maintain a seamless flow of information to highlight/detect and address any scenarios/events that might be disruptive to the operation. Ensure all relevant reports pertaining to issues of service delays, incidents and accidents, are completed in detail identifying all elements leading up to events. This includes completion of the necessary documentation including all relevant information that will allow rectification of defects by concerned sections through short-term maintenance planning. Additional reviews of all other activities/actions must be performed to allow process improvements to be implemented as necessary. - HR REVIEWS: Responsible for conducting performance reviews for staff under their direct control through the fair and just application of the Performance Matters! tool. Deficiencies or inability to meet objectives/competencies must be highlighted during interim reviews and an agreed course of action implemented to improve/correct any issues identified. Each to be effective in guiding/coaching/counselling junior staff assigned to their team, including National and Expat Trainees, ensuring action and development plans are in place to address any areas of concern. Ensure all staff allocated to him/her and themselves efficiently clock on/ clock off Job cards in the process of performing their usual duties. Must be available to assume duties and responsibilities of shift manager/senior engineer shift whenever delegated by the section manager. - TRAINING: Attend training modules as and when required by the Company to enhance skills and understanding that will benefit the business. Required to undergo recurrent Human Factors Training, to comply with CAR 145 requirements every 2 years. Ensure that any training courses attended are turned into approvals as required within 3.5 months from completion of attended course. - ADAPTABILITY (Specific to EK engineering): Be available to be deployed anywhere throughout the EK operation including diversionary airfields to assist in the recovery process of an AOG (Aircraft on Ground), and/or the aircraft/component manufacturers' facilities to act as EK Rep. to oversee the final assembly of Emirates' new aircraft, supervise any outsourced maintenance work and assisting in the acceptance/delivery process. Also available for postings to outstations to support the needs of EK operations.
Qualifications & Experience: Engineering.Other : : National / Higher National Diploma (12+2 or equivalent) or Apprenticeship in Mechanical, Electronic, Avionics or Aeronautical Engineering or equivalent training with a reputable airline or an approved maintenance organisation. Must have UAE GCAA/ ICAO Type II/ EASA 66 licence type rated in at least 1 Emirates aircraft type. 7+ years in aviation maintenance environment as an Aircraft Technician with a reputable airline or Aircraft Maintenance Organisation. Knowledge/skills: Fully conversant with Air Legislation and legal matters that relate to the operation and maintenance of aircraft to international standards. Safety Sensitive role- Yes Details of Safety Sensitive role ENA Working at height Yes Exposure to hazardous energy systems Yes Heavy lifting Yes Working in areas with motorised mobile equipment Yes Work in confined spaces Yes Contact with contaminations materials (Humans/Animals/Chemicals) Yes Contact with dangerous good Yes Work in an extremely noisy environment Yes Work in heat Yes Working with pressurised substances Yes Exposure to fixed protruding sharp objects Yes Exposure to contact with moving/falling objects Yes Airport driving permit Yes Other ( please specify)
Salary & Benefits: Join our growing team and enjoy a competitive remuneration package, discounts on flights and hotel stays.Show more ",https://www.glassdoor.com/partner/jobListing.htm?pos=214&ao=1136043&s=58&guid=000001814d614c47b93556b99b98fcac&src=GD_JOB_AD&t=SR&vt=w&cs=1_b19d128e&cb=1654860631414&jobListingId=1007916277181&jrtk=3-0-1g56m2j3br0ok801-1g56m2j3lmfra800-034701f090c25ee8-
FURUKAWA THERMAL MANAGEMENT SOLUTIONS AND PRODUCTS LAGUNA INC.,NA,Planning Engineer,Santa Rosa,"Health insurance Life insurance Opportunities for promotion Promotion to permanent employee Transportation service provided 8 hour shift 13th month salary Overtime pay Santa Rosa City, Laguna: Reliably commute or planning to relocate before starting work (Preferred)",https://www.glassdoor.com/partner/jobListing.htm?pos=229&ao=1136043&s=58&guid=000001814d614c47b93556b99b98fcac&src=GD_JOB_AD&t=SR&vt=w&ea=1&cs=1_f8ef4566&cb=1654860631418&jobListingId=1007901907003&jrtk=3-0-1g56m2j3br0ok801-1g56m2j3lmfra800-78a8f785b7398851-
Team Global Facility Solutions Inc.,3.4,Property Engineer,Makati City,"Ensure that all equipment and facilities are in good working condition by conducting a regular inspections. Implement preventive maintenance and undertake corrective maintenance. Implement Energy-conservation and cost-saving measures while monitoring utility consumption. Track and communicate work request status and completion. Monitor construction works and ensures that all guidelines are strictly followed. Provide project status reports to the Property Manager. Prepare/review plans, estimates, and scope of work for various projects. Monitor all safety programs to prevent exposure and decrease liability for the property. Assist in coordinating Fire/Earthquake Drill Conduct daily coordination meetings with security, maintenance, and janitorial personnel Involve in preparation and delivery of presentations and technical briefings, testing, verification, and validation processes as well as scheduling and as-built documentation Candidate must possess at least a Bachelor's/College Degree, Professional License (Passed Board/Bar/Professional License Exam) Mechanical Engineering At least 1 year(s) of working experience in the related field is required for this position. Preferably 1-4 Yrs Experienced Employees specializing in Mechanical Engineering Applicants must be willing to work in Makati 5 Full-Time position(s) available in Managed Properties of Ayala. Willing to start ASAP. 8 hour shift Makati City: Reliably commute or planning to relocate before starting work (Required) Bachelor's (Required) Licensed Mechanical Engineer (Required)",https://www.glassdoor.com/partner/jobListing.htm?pos=210&ao=1110586&s=58&guid=000001814d614c47b93556b99b98fcac&src=GD_JOB_AD&t=SR&vt=w&ea=1&cs=1_bd9afa65&cb=1654860631414&jobListingId=1007911958355&cpc=9908D8D4413DBB8A&jrtk=3-0-1g56m2j3br0ok801-1g56m2j3lmfra800-2ad97a8bd09ad5f2--6NYlbfkN0C4vw4Zkpo-2R-UEE3lyWBCifTDerWpfgnT0szdW1JAvoX0XmJJDHQorWFflePnN5dIz9N6rnkkQhk4Whnf3u_52Ch_Cq8_lrn0fjxjdId1UZdTuokuSZDpBpmT4Mzgqj9h5KJNXhi3t2qkbFvdZscAqFjCZLmWyJ4syWBBysuMgeJahYCPCSIj6sSWJ4eNHON25Oo9MDMH9zL5ECFohGkjkuO2T8NWlLr7stFOCkXsKMecGsUk0HrkQyOp76P7ryfZUhdbqiZv8NgC8SjLMGMgtc2rL-lYEHj8VaSysTcNF20RUS_DagPu5ld7eI3R-Nng0pJq2yUP9ZLL3mgcV4N4AjhyPpg0NcW0u9mjCxSixDSIXbsXeGh4WQDhcjT62hsw0v_uYC7oL7EBYsxJpuabH8Lmfl72Sh9D4jOvbOEFf3-RkEy0EL7zQLYVQzpiZj0T9t2RMSJqQRDqLXhhDWw_yPNpoNc92v_P52MvUeSeYUftFvAUNpiF
"Farahi Law Firm, APC",1.0,Forensic Engineer-Accident Reconstructionist,Pasig City,"Conduct investigations of accidents, such as motor vehicles and crash scenes as needed. Conduct investigations of accidents and perform failure analysis involving various types of vehicles and mechanical equipment involved in incidents. Perform accident reconstruction or failure analysis of mechanical equipment or components. Prepare concise written reports of analysis and conclusions. Authors high-quality technical reports. Investigate the design, safety, and failure of mechanical systems and machinery. Present at technical meetings. Confers with colleagues to provide technical advice and resolve problems. At least 2 years of relevant experience, preferably including experience in consulting and/or testifying. Must have a high level of analytical skills. Work requires continual attention to detail with the ability to define problems, collect data, establish facts, and draw valid conclusions. Ability to communicate effectively, excellent written and verbal communication skills. Ability to write technical reports concerning inspections, documentations, literature and opinions. Professional and highly motivated, dependable and conscientious demeanor. The ability to work at a fast-pace in a team environment and independently. Project management and supervisory experience highly desired. Strong organizational skills and ability to manage several projects simultaneously. Proficiency in statistics. Attention to detail. Strong analytical and field inspection skills. Paid training Pay raise Work from home 8 hour shift Monday to Friday Night shift 13th month salary Anniversary bonus Bonus pay Overtime pay Accident Reconstructionist: 2 years (Preferred)",https://www.glassdoor.com/partner/jobListing.htm?pos=203&ao=1110586&s=58&guid=000001814d614c47b93556b99b98fcac&src=GD_JOB_AD&t=SR&vt=w&ea=1&cs=1_cb1f35ce&cb=1654860631412&jobListingId=1007720624334&cpc=ACAF1607C5C1E404&jrtk=3-0-1g56m2j3br0ok801-1g56m2j3lmfra800-4d2ff5985bd3c32b--6NYlbfkN0Dc81KM_91oJRYK8Jt1yVdX4WGwoFqbRS14g3W_TuxOY8wy2lZfDYlaxvN2H1rhlAZglV75BXRmqKtOBXuPdwk8VX29c9JKd6h8a1n5gb6wJQCzsLKipk3QkdiK6wUDUwJ6KvXB-Qu-UAeOkeaHuotUiedCnTzwGCCkCywG061vROipuzmnqf_9SWkqyEfeAxjhIzb7cnLeYmDhL-e-OyoXIwn-llTL-keTMwQAkqeiOwLBTFP8U-8DfUCcNr77zOIdkCwZW93SNT97JvBzLCGloVREYDBZ3vrcZiunpp04aUdyUWT75dCwwZdmQeYuNet9ZxH1CdAiT666hb6tZpfLIWlO3QRs3ulD51iS-UPJB9eV1wXS1aROJIPUfIrtDhCiIMECi0ym6b2cBUEiLlcs4r-uZ55sZ8U8VamHd0kJkfmVP5GmoCngnvrG686TJF7DM1MqgRPzSFsZeZ7eW1JfngcoPPXltENrwH0cjDNNvzX2dTZlodoS7As0NBvDU3lDGPN-Mwvbkzfxt98p4PmSz8qT9ZzQagc%3D
AJ3 Electrolink Corporation,NA,Project Engineer,Antipolo,Transportation service provided 8 hour shift 13th month salary Overtime pay Bachelor's (Preferred) Project Engineer: 1 year (Preferred),https://www.glassdoor.com/partner/jobListing.htm?pos=216&ao=1136043&s=58&guid=000001814d614c47b93556b99b98fcac&src=GD_JOB_AD&t=SR&vt=w&ea=1&cs=1_2ed9ec7c&cb=1654860631414&jobListingId=1007912887852&jrtk=3-0-1g56m2j3br0ok801-1g56m2j3lmfra800-ccf5da7b1d8209c3-
HAUSPLUS VENTURES INC.,NA,Project / Site Engineers,San Jose del Monte,"Bachelor’s degree in Civil Engineering; preferably licensed Work experience: 1 to 4 years as a Civil Engineer Knowledgeable with land development and housing construction Skills: Computer literate and proficient in MS Word, Excel, and AutoCAD Highly organized, with excellent attention-to-detail Excellent communication and interpersonal skills Ability to develop efficient work plans, set priorities and meet deadlines Hardworking, collaborative, and honest 8 hour shift 13th month salary Performance bonus No",https://www.glassdoor.com/partner/jobListing.htm?pos=205&ao=1110586&s=58&guid=000001814d614c47b93556b99b98fcac&src=GD_JOB_AD&t=SR&vt=w&ea=1&cs=1_f63a8bd6&cb=1654860631413&jobListingId=1007539259134&cpc=0C139D4CAD5A6DB2&jrtk=3-0-1g56m2j3br0ok801-1g56m2j3lmfra800-68cf738aa5cc1c04--6NYlbfkN0AsrXxqWxxcZYYZJUB-HBaK5dEVvor7SUbwu6zQuAKr0ZtsHya4SszV-PzP20feGimENgJ142T9chGuyafrAZUVBKqCYxhHoUu4yj7ixyzdOMDHZh4kNuPnNHz6c9MX40zhDkoJ846Rs97rfuWdnQRgQ2ooVscl2OSkgV7g7ztvkEuw6fvZVgjG3_tUX2a87qoNxJlxveXoaj0LVfvbembq8gmcWveaM9it3s9N5PqmAoC0JGQT8E-STjQ1oORwOFQrvYDsEdHiMjL85I2I7uRoekx5MKZI3qf1MFuRQmMfTZp9FrExHJyRjCCYxI1D0swb3JuR1har1ZCsdoCWSQkzwLvxLpPAue1_F9h2KH9CK5vLhsHgvD_itmptaFzmTRvP8CUF_XRxgRMgebGJ68NP_3KUcIFut-vI7dMfLz97QNuUrBmieUD-Jts6WBXbjvwWtRwTKKmvvV0Jm55yF1xpLvjNG7MGyeWEHhWh6C1WDThxYZQ9wsw1PsnteYSnz2U%3D
Chiyoda,3.6,ELECTRICAL ENGINEER 1 (Entry Level),Mandaluyong City,"Licensed Electrical Engineer No work experience required With good scholastic records Familiar with theories, principles, and practices of Electrical Engineering",https://www.glassdoor.com/partner/jobListing.htm?pos=228&ao=1136043&s=58&guid=000001814d614c47b93556b99b98fcac&src=GD_JOB_AD&t=SR&vt=w&cs=1_ad9c13ff&cb=1654860631418&jobListingId=1007878102838&jrtk=3-0-1g56m2j3br0ok801-1g56m2j3lmfra800-0438a522e762d33c-
Lin Man Power Technology Inc.,NA,Electronics Engineer,Santa Rosa,"Developing effective maintenance, testing, and quality control procedures. Designing, inspecting, testing, and updating electronic systems, components, equipment, and software. Monitoring processes, systems, and staff, and punctually identifying problems. Ensuring all equipment and products meet health and safety regulations. 8 hour shift Day shift Monday to Friday 13th month salary Bachelor's (Preferred) working: 1 year (Preferred) 100% (Preferred) No",https://www.glassdoor.com/partner/jobListing.htm?pos=202&ao=1110586&s=58&guid=000001814d614c47b93556b99b98fcac&src=GD_JOB_AD&t=SR&vt=w&ea=1&cs=1_7f1fedae&cb=1654860631412&jobListingId=1007904549315&cpc=81AAE51C33FDE227&jrtk=3-0-1g56m2j3br0ok801-1g56m2j3lmfra800-083f6f90a7b449b0--6NYlbfkN0AvSoTRaQQPu5bATRKVWyoKCvbgRzG4CzZ5kfl19Uvub8D4y6T__Ppu7gJ8U_6_Gld3LqTM7io54gi9p2nWRYuQ8q9xztOUiWHlMlSJYAS6idwWALG9zdrt_jsg_UItI-9ljXHQv-Cssb8bL2b02GJQ6orN0Ln8oYYj6M-ZhhhgjGuFNFIZKu1siB-Vphr_O77F8HBoFtBqOna8sk3mW_r6qDlxijHWzwbRJGXNsbMa7mdTNI1DLRxaplbkMHWV0aEFSf9Une-EMO6STfheNZJj_NjfBlGFNprLLTa7Mb6o2rNGJv7AvMkFDJledk4MwlVKYzK7klgFaQWVlzGQ2WnFrZTqOOHhJB0H_znZzFRTpggkUa9AuXL78qGvHDuGBfb_Sns4jYyKCGqS88PaSm4dmzDn0i4-uIr6jdwNjcmJcXzrdKlCcCH3DkwnMizdjyVoZ_NrPnKDrnd2dvNXf5PXl0Q1FZ5cysSAbMOB92M5HWCMzXiLKnlAX9kY83NQjAQ%3D
Alliance Packaging LTI Corp.,NA,Industrial Engineer,Binãn,Discounted lunch Employee discount Flexible schedule On-site parking 8 hour shift Rotational shift 13th month salary Overtime pay Bachelor's (Preferred) Industrial Engineer: 1 year (Preferred),https://www.glassdoor.com/partner/jobListing.htm?pos=208&ao=1110586&s=58&guid=000001814d614c47b93556b99b98fcac&src=GD_JOB_AD&t=SR&vt=w&ea=1&cs=1_e9fb2c11&cb=1654860631414&jobListingId=1007930240789&cpc=451933188B21919D&jrtk=3-0-1g56m2j3br0ok801-1g56m2j3lmfra800-73eadbf3826456d2--6NYlbfkN0DyQHXMhgyMRiqswvoqo-94aun9p_qIdode8avURAoEXcNZzWS6O4GUSrRyVZQoxLWx6Wq_GJK4hUpguoVP2NfZGXlHRRDLowVPQY0pxUFXXTqd4Wg1tEG9BYfJ4Kgb7HuqQeQ3NIpp2BiveUGmOb9FduGFCQtjFdFbHfnIAYSLKGgihlbFcLro2OPpkiuSJgpFdSeVU5vjIE9e09vRpKiQ6in0Ju4XmMFsFdPhOuEB-tfd_LwrmnkPhLZHZfMbVkoPX38xTmDnkx6S81hFyWgWqg0Z3mUYsqNWDbLp4R-YT-y6zJzVBEuWOquI3HP0UMTKo2syl6kKFyhU8-V6IpJeB32nu_s_IsI7A3PyGBVHqNOej7iCNY7w7pGnsvHUH-H7ZdZZP6bBKdQEEPD3sgWVdO_2VpMTvs-7iQvnvJgXEJqaZVTq2WUN93r9TZVyfaxrbeG-D9jkFAAH9DLoxoDZyRm4XmmBJdSWyzRblVXuAOCc-6qow3NOvfDMrSYJjas%3D
AL AMAL SPECIALIST RECRUITMENT,NA,Assistant Chief Engineer,Tagaytay,How many years is your experience as Assistant Chief Engineer in a 5-star hotel? How many years is your experience as Assistant Chief Engineer in Facilities Management Company?+,https://www.glassdoor.com/partner/jobListing.htm?pos=227&ao=1136043&s=58&guid=000001814d614c47b93556b99b98fcac&src=GD_JOB_AD&t=SR&vt=w&ea=1&cs=1_c08bc9de&cb=1654860631418&jobListingId=1007845682796&jrtk=3-0-1g56m2j3br0ok801-1g56m2j3lmfra800-e023cd6f80dd6895-
Dyson,3.1,Lead Noise & Vibration Engineer,Philippines,"
Holds responsibility for technical discipline for assigned project. 
Deliverables include both experimental testing as well as simulation. 
Deliver output in a timely manner inline with RDD Core Deliverables 
Owns or signs-off relevant Specs/Reqts for allocated projects 
Drive discipline team to support departmental goals and long term technology road map. Plan and manage progress of actions, in order to deliver on time. 
Provide inputs to yearly goal setting. 
Expected to proactively identify areas of improvement and to propose and implement improvements. 
Actively manage lessons learnt database to ensure sharing of past learnings. 
Take ownership of personal career development by setting out short/med/long-term plan, together with People Manager. 
Potentially managing development plans & coaching of more junior engineers within own discipline. 
Should ideally be at or close to Professional Accreditation (IMechE, NAFEMS).",https://www.glassdoor.com/partner/jobListing.htm?pos=201&ao=1110586&s=58&guid=000001814d614c47b93556b99b98fcac&src=GD_JOB_AD&t=SR&vt=w&cs=1_35a80f7b&cb=1654860631412&jobListingId=1007922200397&cpc=D01F56F24F237C35&jrtk=3-0-1g56m2j3br0ok801-1g56m2j3lmfra800-8fc95a720e9f24fa--6NYlbfkN0CqGYRuN4EMuqYT2Qq9STL01IYgV3wy9uY1-en1oeQ07fAFPSITxuSVWcxZ_Mthe8YTjdx6D3PEY6rrCKmc4m5JzIVtqeedtq8UYBsSVy9U6ZJCMU_KgwN1vZTJBch69-m3cDzLOhg-B_7Br22SO4XZ6Xuh5vzjzBaqs6U8opAnBUdNYU6vs04JW3j3XwlgtQ_Yr63ijWjqZvqRZ7yWLIS0pqBcSrU6-MDJ2ZAcxx3Mc1FBgDmG75SRornXLG0Z6Ag9id66wYmNvJBgl_d08c9XcCBFeigy61M9X4wbEHgwTnzPx3VroOmuTH8N2fDpp05ytLyUgh7Mg_-j_1rYPwLxuZMDK2lzblvhkVQ_T6Zd_f1sW4TpOGEtoAI5997b2GGILp05_UrcFOQGxX-UTlF8NTdcTW4G97phuQ3JmL0o6zRAV8wxVh_AwflI26U2tO7U9w5O3PlBRoKFZi1YLqNQIDaOvxl_v0GZwAO7Dfxf7G1GntCNmLbSxI0Il9PozhA_kCa9ZPl_ZLdzo0Sv7Orn1r1ae0GPEkbHnXrcR8ocyg%3D%3D
"Maedan Enterprise, Inc.",NA,Service Engineer,Parañaque,8 hour shift Day shift Monday to Friday 13th month salary Commission pay Parañaque City: Reliably commute or planning to relocate before starting work (Required),https://www.glassdoor.com/partner/jobListing.htm?pos=215&ao=1136043&s=58&guid=000001814d614c47b93556b99b98fcac&src=GD_JOB_AD&t=SR&vt=w&ea=1&cs=1_cbb5e44b&cb=1654860631414&jobListingId=1007928254101&jrtk=3-0-1g56m2j3br0ok801-1g56m2j3lmfra800-4786753f443270e2-
Metro Oil,3.0,Industrial Engineer,Quezon City,"Understand business needs and translate to technical solution and vice versa Analyze existing process and systems to identify gaps and recommend solutions In-charge in developing business flow charts and conduct process mapping Performs other functions from time to time as per the directive of the Manager Willing to do fieldwork Must possess a Bachelor Degree in Industrial Engineering, or any related course Proven experience in project management Expertise in documentation, identifying process gaps and areas for improvement Adept in using MS Office Applications Must be detail-oriented, have strong analytical skills, and demonstrate effective time management skill Must be good in written and oral communication, including technical writing skills Additional leave Flextime Health insurance On-site parking Opportunities for promotion Paid training Pay raise Promotion to permanent employee 8 hour shift 13th month salary Quezon City: Reliably commute or planning to relocate before starting work (Preferred) Bachelor's (Preferred) Industrial Engineer: 2 years (Preferred)",https://www.glassdoor.com/partner/jobListing.htm?pos=206&ao=1110586&s=58&guid=000001814d614c47b93556b99b98fcac&src=GD_JOB_AD&t=SR&vt=w&ea=1&cs=1_e1066df0&cb=1654860631413&jobListingId=1007850419496&cpc=6FC5BA77C9A4CD78&jrtk=3-0-1g56m2j3br0ok801-1g56m2j3lmfra800-e3b5c61dcb25c92a--6NYlbfkN0DRo3AIxqY9IqSnw1WrF0gsXKsWD60GAT6WVQ9gA_069y0g5oBJk7l2WOiWcN3HtJUJM63Ld9HQuns_y0xbVryGLdamPzuhFuZqTuCQAmDmgatSiwZcPc4wyv0DXow9u8_KlrJIL6FkRpImWSeYZkyO09WtQTeFr65-ebnqcyZ7heYgNpEiBp4umO_ZbttBL6fvws4hVoZWSmlunc6YKuwq4LhNx5RCxbgCtxPeuTaxTEvoLgMozElTgeVFRMUSbHv-3shTnLasWYz6UU6itKbI_hROC32ULWgcMqXJXpiNp1j6mnGQFv_gZvjrD8aERuv4nNX3LdeUc2QpdgzLIIziKwGDX5kJqSPXL6LqNxHD2oZ_W_ke_RPhXGXfMWkR0UiClmC0mckltLm1vfW9oS0g11Eor8Qd4EJ1LY65FYRm74TDMws_xRNTxQSXiVIBiaWVebI5H3pP8AKuxwfJYCrT0hBGkV8rIxLPEyrN1Xt2jF1GB2F7EtkA4ZbLar1XOLQ%3D
"TRI-PHIL International, Inc.",3.5,Industrial Engineer,Muntinlupa,8 hour shift,https://www.glassdoor.com/partner/jobListing.htm?pos=209&ao=1110586&s=58&guid=000001814d614c47b93556b99b98fcac&src=GD_JOB_AD&t=SR&vt=w&ea=1&cs=1_60d53313&cb=1654860631414&jobListingId=1007389238332&cpc=F41FEAB56D215062&jrtk=3-0-1g56m2j3br0ok801-1g56m2j3lmfra800-7eafe815a643924e--6NYlbfkN0C3-Oo5GT7AZFOr6pTzlGCX1l5nTSA0fesLK7JGwvXBQpkUHgIbxt26wFd4Kv8Gl7n3UU5TQ137tTZNLDhTau9zTDY4xrE_sYiGW9NipehZHnYopsGHgHHzG8u3W1QdZLI6Kelr5-bBn1pjl9ubJYTyz9lZv_C32LoX2FPUOGhJ8WZ17NU_EzPgSJ6I4KOOAKPl8rftVu5Zps2lpdRNE2mPPOpOTPYzc-KcQj4PL-tpT2CzfgpdKeHY1uAe8UbR8eHCTj99zlz67u-kO72sSGHnmPVTxBMtj_FcgvDtaUmQE1-obJPK4WhzmMYX118eNPWS0_Z4QVwU2VV_KferXARm2aWpSatWnLbmbI99tSeqtGjIbsO16vpKiFfnI4e74e3SdOEs6nCIg0neUM3qPX-y-DZcWtwDohPMYXbDc03YaeV-Ih2bqIQhbzljuqj2tYusltl7YSQ9KZ59mPJqkvUMPQ9bq4ccbaRqf_K8ZlWnXGp7KkVpqBH2J5PhfZGyfzw%3D
Fastech Advanced Assembly Inc.,4.3,Cadet Engineer,Cabuyao,"Graduate of engineering course (ECE, CHE, IE, ME, Material Science) With or without experience. Fresh graduates are welcome to apply! Computer literate Can work in shifting schedule (Tri-shift) 8 hour shift Cabuyao, Laguna: Reliably commute or planning to relocate before starting work (Preferred)",https://www.glassdoor.com/partner/jobListing.htm?pos=223&ao=1136043&s=58&guid=000001814d614c47b93556b99b98fcac&src=GD_JOB_AD&t=SR&vt=w&ea=1&cs=1_c7029cf2&cb=1654860631415&jobListingId=1007903921545&jrtk=3-0-1g56m2j3br0ok801-1g56m2j3lmfra800-eee5d9f76d5a5635-
Dimension-All Inc.,NA,Junior Design Engineer,Calamba,Prepares the initial proposal for take-off list and drawings based on client's requirement and structural plans Prepares Design Calculation and Methodology of proposed layout Responsible also for the rework based on client's comment or EM's recommendation B.S. Degree in any Engineering Course (with or without license) At least 1 year work experience Basic and Advanced CAD Knowledge Additional leave Company Christmas gift Company events Flextime Health insurance Life insurance Paid training Work from home 10 hour shift 13th month salary Overtime pay Bachelor's (Required) Design Engineer: 1 year (Required) Temporarily due to COVID-19,https://www.glassdoor.com/partner/jobListing.htm?pos=219&ao=1136043&s=58&guid=000001814d614c47b93556b99b98fcac&src=GD_JOB_AD&t=SR&vt=w&ea=1&cs=1_8ca1a051&cb=1654860631415&jobListingId=1007643369729&jrtk=3-0-1g56m2j3br0ok801-1g56m2j3lmfra800-6981c8b8daa1d65a-
D.L. CERVANTES CONSTRUCTION CORP.,NA,Project Engineer,Manila,Health insurance Life insurance Paid training 8 hour shift 13th month salary Overtime pay Performance bonus Manila: Reliably commute or planning to relocate before starting work (Required) Bachelor's (Preferred) Project Engineer: 1 year (Preferred),https://www.glassdoor.com/partner/jobListing.htm?pos=225&ao=1136043&s=58&guid=000001814d614c47b93556b99b98fcac&src=GD_JOB_AD&t=SR&vt=w&ea=1&cs=1_1f9bf2ea&cb=1654860631418&jobListingId=1007855572968&jrtk=3-0-1g56m2j3br0ok801-1g56m2j3lmfra800-b6b6300ba331c389-
Robinsons Supermarket Corporation,4.0,Mall Engineer,San Pedro,"Must possess at least a Bachelor’s Degree in Electrical Engineering, Mechanical Engineering, or its equivalent Preferably with at least 1 year experience in equipment maintenance planning and supervision Must have project management and leadership skills 8 hour shift Bachelor's (Preferred) Engineering: 1 year (Preferred)",https://www.glassdoor.com/partner/jobListing.htm?pos=211&ao=1136043&s=58&guid=000001814d614c47b93556b99b98fcac&src=GD_JOB_AD&t=SR&vt=w&ea=1&cs=1_b06cb0b3&cb=1654860631414&jobListingId=1007766208621&jrtk=3-0-1g56m2j3br0ok801-1g56m2j3lmfra800-25847c68ec10d766-
Corporate Executive Search Inc.,2.5,Technical Assistant (Engineer),Taguig,"The Technical Assistant is responsible for providing technical information in order to address the specific needs and requirements of the COO through analyzing information, offering broad range of ideas and diverse perspectives, using a variety of approaches, techniques, strategies, and resources, and thinking innovatively to find solutions to challenges and provide well-documented assessments and reports. Ensures that the COO's directives, required information, and updates on programs/initiatives are communicated accurately and in a timely manner with the COO's direct reports and other executives, while maintaining confidentiality in sharing information. Responsible for documentation of Operations and Maintenance standards and processes, business process mapping, Quality Management System compliance. Must be a degree holder in Engineering preferably in Civil or Electrical. With 2 to 4 years of related experience. Preferably with Renewable Energy background but not required. Analytical, critical thinking, and solutions- focused, problem-solving abilities Ability to analyze and improve processes, protocols, and procedures Ability to work under pressure while maintaining focus Excellent oral and written communication skills Interpersonal and people-handling skills Ability to build relationships and liaise with diverse team members and partners Day shift Monday to Friday Bachelor's (Required)",https://www.glassdoor.com/partner/jobListing.htm?pos=217&ao=1136043&s=58&guid=000001814d614c47b93556b99b98fcac&src=GD_JOB_AD&t=SR&vt=w&ea=1&cs=1_0c5d1fc0&cb=1654860631414&jobListingId=1007707769962&jrtk=3-0-1g56m2j3br0ok801-1g56m2j3lmfra800-526f1b1b7a081afe-
KEYENCE Philippines Inc.,3.6,Technical Support Engineer (PLC Programming-Focused),Makati City,"Mainly provide PLC product and application support for customers primarily off-site, but occasionally on-site as well as other line products May need to assist salespeople with on-site presentations of PLCs to customers, as and when needed as well as other line products Plan, design, develop and deliver trainings on PLCs and other existing products of the assigned division. Launch new products to sales teams by giving presentations, demonstrations and tests Control preparation, management and fixing of demonstration equipment for Sales Engineers Provide continued support for Sales Engineers Attend and support marketing exhibitions Develop a thorough understanding of Keyence products and applications through classes, seminars, and on-the-job training. Work with experienced application engineers to develop the technical skills through real life Achieve specific goals (Team/Individual) Candidate must possess at least a Bachelor's/College Degree in any course. Candidate must possess at least 1 year of experience in PLC programming and configuration. Knowledge of Microsoft-based applications, particularly Excel, Word and PowerPoint Must have a positive outlook and a professional and supportive attitude Must have a logical and diligent approach to all tasks Must have good communication and presentation skills Must have knowledge and/or interest in technology Must have the motivation to help others Must be willing to travel to your domestic territories for business trips Must have an analytical skill to identify the underlying principles, reasons or facts of information by breaking down information or data on separate parts Ability to communicate in English both written and oral is required. Amenable to work one Saturday working day once every quarter Life insurance Paid training Pay raise 8 hour shift Monday to Friday Overtime 13th month salary Performance bonus Yearly bonus Bachelor's (Required)",https://www.glassdoor.com/partner/jobListing.htm?pos=207&ao=1110586&s=58&guid=000001814d614c47b93556b99b98fcac&src=GD_JOB_AD&t=SR&vt=w&ea=1&cs=1_76d4dac4&cb=1654860631414&jobListingId=1007817505079&cpc=1160948BCBA38B5B&jrtk=3-0-1g56m2j3br0ok801-1g56m2j3lmfra800-795a9d2317e012e8--6NYlbfkN0AZbFjKCnoXvgAMZHlOBS5k3gAUqLO3Uzrp_seuVN-M93IxwSTr4-5sqmwO3fTRHm9Lq5xLTyq78wo-8nwlHI594oT28EJCOQQwRkKIPz1QXAzYcUu1OzrpNzaakOkpY_2aLw30E94ueUcLoEPorChXvmMcX1_7Q4Ey0tUdSH_I-HLaOQOBFPMf4wGhsfKOm5ia-gfayRUQiYzg06iLmT9BUVAsNIVCxQ9X_17MnCn4DlqIsX7jIWYIxXfV9Pm6_1PVC_H5MVYvzMyikzONHNjhB6kc2maMAL-BZA1YRJ_-klW8Hs16qJ5dn3hpxNSZCjpeczQS5NPOgoSzDws-OLo1JQP230Vcytm4GmYvuxsq5FKVQoJPd0eG337RvgNY0JHc_XVxSIKVKhXsmAMW6eNpaf6DK6cnsHF_MrLNf-b-dauE1Ni1wBaLSnU7OaVC2EG6FdCtXnPp9qQ3TX9Zsjigk9qe-yNJSBxX-Ib6w3fRIIf_QgJZ0NIQeWnLM5PaS82ZdVSYj2skZ88u0fMvFlmjuKlyj6gnmjc%3D
Jacobs,3.9,Flooding Engineer,Mandaluyong City,"Our People & Places Solutions business – reinforces our drive to improve the lives of people everywhere and epitomizes the ""why"" of what we do – the tremendous positive impact and value our solutions bring to our communities and society as a whole. From facilities delivering life-saving therapies and ensuring clean water to enabling the connection of people through all modes of transportation and providing access to technology – we're integrating a multitude of these solution elements to build the smart environments of tomorrow.

Start your Jacobs career with a company that inspires and empowers you to deliver your best work so you can evolve, grow and succeed – today and into tomorrow.

Your Impact:
As one of the world’s most value resources, our team is solving some of the world’s most complex water issues. Whether it’s treating, distributing or storing water, Jacobs reaches across boundaries and collaborates to successfully deliver customized innovative solutions. We provide you the means and tools to work on a wide variety of interesting and challenging projects to grow your career and help protect this valuable resource.
We are looking for a highly qualified and broadly experienced professionals to build on our existing strong capability in the Water Sector market in the Philippines and across Asia. Jacobs People & Places Solutions Water Sector business continues to rapidly grow to meet the needs of our clients who are investing in new solutions and associated infrastructure across the Philippine and Asia region, and we are looking for strong water focused professionals to take us to the next level of sustained business growth, outstanding culture for our people, and quality delivery for our clients. These positions are based the Philippines.
At Jacobs, our Water Sector team is geared towards providing a more integrated approach offering end-to-end service to support our clients in all aspects of the water business. We are helping our clients meeting the challenges faced in countries and cities across the globe, providing innovative solutions for water resources and ecosystems management, wastewater, drinking water and reuse and conveyance & storage to developing demand-side management strategies.
As part of this growing demand, we seek water professionals to deliver innovative solutions to our clients. As part of an interconnected team, you will be focused on delivering services in the water sector as a consultant for key project development and execution phases, including feasibility studies, conceptual design, project development services, technical due diligence, project management consultancy and project execution phases, as well as involvement in winning and delivering new projects across the Philippine and Asia region.
Key elements of these roles include. Projects – Preparation and delivery of consulting, engineering design and associated works, to high standards of quality, on time and on budget. Prospects and Proposals – Support the sales team and Water Section Leader in the pursuit of prospects with target clients, collaborating in the preparation of proposals for individual opportunities. People – Work efficiently in a multidisciplinary environment, maintaining and developing, as appropriate, positive relationships with clients and colleagues.
Here’s What You’ll Need:
Preferably Degree in Civil Engineering, preferably with some additional training in project management techniques; Relevant experience in the design and construction of water resources / water infrastructure projects. Previous experience on reservoir, dam and/or coastal projects is desired.
What you need. Relevant design experience in the water sector. Consultancy experience in delivering complex engineering projects in the Philippines and / or Asia and demonstrated ability to operate in a multi-disciplinary team. Core knowledge of development cycle for projects and opportunities in the water sector. Actively promote and demonstrate a strong safety culture in project design and working environment.
Cross sector knowledge outside the water sector and an ability to leverage past experiences to provide client confidence in delivery. Liaison with internal and external clients, authorities, and other design consultants. Contribute to client management for selected key clients as requested in co-ordination with the appropriate sales team and Water Section Leader. Team player with good inter-personal skills, attentive to detail, organised and structured and with initiative and enthusiasm. A strong work ethic and “can do” responsive attitude are paramount as is a strong ethic and ability “to get the job done” properly, professionally, cost effectively and to, crucially, meet deadlines.
Jacobs. A world where you can.
From our inclusive employee networks to our positive mental health champions – we’re committed to driving a culture of caring where you can be you. Joining Jacobs not only connects you locally but globally - and together, our diverse perspectives and unique backgrounds power our collective strength. We collaborate and share! By supporting one another, we all succeed.
With safety and flexibility always top of mind, we’ve gone beyond traditional ways of working so you have the support, means and space to maximise your potential. You’ll uncover flexible working arrangements, benefits and opportunities to do good too – from participating in our global giving and volunteering program, to exploring new and inventive ways to help our clients make the world a better place. No matter what drives you, you’ll discover how you can cultivate, nurture and achieve your goals – all at a single global company.
Start your Jacobs career with a company that inspires and empowers you to deliver your best work so you can evolve, grow and succeed – today and into tomorrow.
Please note: If you are being represented by a recruitment agency you will not be considered, to be considered you will need to apply directly to Jacobs.
#WATERPH #ASIAID #PHREC #ASIAWaterResources #ASIAWaterEngineering #ASIAWaterShow more ",https://www.glassdoor.com/partner/jobListing.htm?pos=222&ao=1136043&s=58&guid=000001814d614c47b93556b99b98fcac&src=GD_JOB_AD&t=SR&vt=w&cs=1_7159dda2&cb=1654860631415&jobListingId=1007897541477&jrtk=3-0-1g56m2j3br0ok801-1g56m2j3lmfra800-935350f5cb4b5df4-
Manly Plastics,4.1,Cadet Engineer,Valenzuela,"
Candidate must be a graduate of BS Industrial Engineering, BS Electrical Engineering, BS Electronics and Communication Engineering, and BS Mechanical Engineering. 
With or without work experience. 
With high sense of responsibility. 
Can work with minimum supervision. 
Willing to have shifting schedule.",https://www.glassdoor.com/partner/jobListing.htm?pos=221&ao=1136043&s=58&guid=000001814d614c47b93556b99b98fcac&src=GD_JOB_AD&t=SR&vt=w&cs=1_1ea71b2f&cb=1654860631415&jobListingId=1006607946947&jrtk=3-0-1g56m2j3br0ok801-1g56m2j3lmfra800-d4d46020071d3390-
AVLON Inc.,NA,GET (Graduate Engineer Trainees) Batch 4,Quezon City,"Graduate of Mechanical Engineering Fresh graduates are welcome to apply MS Word, MS Excel and MS Power point is mandatory Willing to work extended hours, weekends and holidays. Willing to be assigned in Quezon City. Ensuring project packages meet agreed specifications, budgets and/or timescales liaising with clients, subcontractors, Supplier and other professional staff Preparing Project reports and other paperwork Manage the site on a day-to-day basis. Can work under pressure and with deadlines 8 hour shift",https://www.glassdoor.com/partner/jobListing.htm?pos=212&ao=1136043&s=58&guid=000001814d614c47b93556b99b98fcac&src=GD_JOB_AD&t=SR&vt=w&ea=1&cs=1_ee645554&cb=1654860631414&jobListingId=1007712017713&jrtk=3-0-1g56m2j3br0ok801-1g56m2j3lmfra800-4073ddc52d685a79-
